{
  "last_seen_version": "1.7.0+1.20.2",
  "current_controller": null,
  "controllers": {
    "032df32c-9452-310f-8be7-24fedf16e238": {
      "config": {
        "left_stick_deadzone": 0.15,
        "right_stick_deadzone": 0.15,
        "gyro_look_sensitivity": 0.0,
        "relative_gyro_mode": false,
        "gyro_requires_button": true,
        "flick_stick": false,
        "invert_gyro_x": false,
        "invert_gyro_y": false,
        "gyro_calibration": {
          "x": 0.0,
          "y": 0.0,
          "z": 0.0
        },
        "theme": "DEFAULT",
        "horizontal_look_sensitivity": 1.0,
        "vertical_look_sensitivity": 0.9,
        "button_activation_threshold": 0.5,
        "virtual_mouse_sensitivity": 1.0,
        "auto_jump": false,
        "toggle_sprint": true,
        "toggle_sneak": true,
        "disable_fly_drifting": false,
        "custom_name": null,
        "show_ingame_guide": true,
        "ingame_guide_bottom": false,
        "show_screen_guide": true,
        "chat_keyboard_height": 0.0,
        "reduce_aiming_sensitivity": true,
        "allow_vibrations": true,
        "vibration_strengths": {
          "controlify:master": 1.0,
          "controlify:damage": 1.0,
          "controlify:block_destroy": 1.0,
          "controlify:use_item": 1.0,
          "controlify:item_break": 1.0,
          "controlify:gui": 1.0,
          "controlify:explosion": 1.0,
          "controlify:misc": 1.0,
          "controlify:global_event": 1.0
        },
        "deadzones_calibrated": false,
        "delayed_calibration": false,
        "mixed_input": false,
        "radial_actions": [
          "controlify:toggle_hud_visibility",
          "controlify:change_perspective",
          "controlify:drop_stack",
          "controlify:open_chat",
          "controlify:swap_hands",
          "controlify:pick_block",
          "controlify:take_screenshot",
          "controlify:show_player_list"
        ],
        "dont_show_controller_submission": false
      },
      "bindings": {
        "controlify:walk_forward": {
          "type": "gamepad",
          "bind": "left_stick_up"
        },
        "controlify:walk_backward": {
          "type": "gamepad",
          "bind": "left_stick_down"
        },
        "controlify:strafe_left": {
          "type": "gamepad",
          "bind": "left_stick_left"
        },
        "controlify:strafe_right": {
          "type": "gamepad",
          "bind": "left_stick_right"
        },
        "controlify:look_up": {
          "type": "gamepad",
          "bind": "right_stick_up"
        },
        "controlify:look_down": {
          "type": "gamepad",
          "bind": "right_stick_down"
        },
        "controlify:look_left": {
          "type": "gamepad",
          "bind": "right_stick_left"
        },
        "controlify:look_right": {
          "type": "gamepad",
          "bind": "right_stick_right"
        },
        "controlify:gamepad_gyro_button": {
          "type": "empty"
        },
        "controlify:jump": {
          "type": "gamepad",
          "bind": "a_button"
        },
        "controlify:sprint": {
          "type": "gamepad",
          "bind": "left_stick_press"
        },
        "controlify:sneak": {
          "type": "gamepad",
          "bind": "right_stick_press"
        },
        "controlify:attack": {
          "type": "gamepad",
          "bind": "right_trigger"
        },
        "controlify:use": {
          "type": "gamepad",
          "bind": "left_trigger"
        },
        "controlify:drop": {
          "type": "gamepad",
          "bind": "dpad_down"
        },
        "controlify:drop_stack": {
          "type": "empty"
        },
        "controlify:drop_inventory": {
          "type": "gamepad",
          "bind": "y_button"
        },
        "controlify:next_slot": {
          "type": "gamepad",
          "bind": "right_bumper"
        },
        "controlify:prev_slot": {
          "type": "gamepad",
          "bind": "left_bumper"
        },
        "controlify:pause": {
          "type": "gamepad",
          "bind": "start"
        },
        "controlify:inventory": {
          "type": "gamepad",
          "bind": "y_button"
        },
        "controlify:change_perspective": {
          "type": "gamepad",
          "bind": "back"
        },
        "controlify:swap_hands": {
          "type": "gamepad",
          "bind": "x_button"
        },
        "controlify:open_chat": {
          "type": "gamepad",
          "bind": "dpad_up"
        },
        "controlify:gui_press": {
          "type": "gamepad",
          "bind": "a_button"
        },
        "controlify:gui_back": {
          "type": "gamepad",
          "bind": "b_button"
        },
        "controlify:gui_next_tab": {
          "type": "gamepad",
          "bind": "right_bumper"
        },
        "controlify:gui_prev_tab": {
          "type": "gamepad",
          "bind": "left_bumper"
        },
        "controlify:gui_abstract_action_1": {
          "type": "gamepad",
          "bind": "x_button"
        },
        "controlify:gui_abstract_action_2": {
          "type": "gamepad",
          "bind": "y_button"
        },
        "controlify:inv_select": {
          "type": "gamepad",
          "bind": "a_button"
        },
        "controlify:inv_quick_move": {
          "type": "gamepad",
          "bind": "y_button"
        },
        "controlify:inv_take_half": {
          "type": "gamepad",
          "bind": "x_button"
        },
        "controlify:pick_block": {
          "type": "gamepad",
          "bind": "dpad_left"
        },
        "controlify:pick_block_nbt": {
          "type": "empty"
        },
        "controlify:toggle_hud_visibility": {
          "type": "empty"
        },
        "controlify:show_player_list": {
          "type": "empty"
        },
        "controlify:take_screenshot": {
          "type": "empty"
        },
        "controlify:toggle_debug_menu": {
          "type": "empty"
        },
        "controlify:radial_menu": {
          "type": "gamepad",
          "bind": "dpad_right"
        },
        "controlify:radial_axis_up": {
          "type": "gamepad",
          "bind": "right_stick_up"
        },
        "controlify:radial_axis_down": {
          "type": "gamepad",
          "bind": "right_stick_down"
        },
        "controlify:radial_axis_left": {
          "type": "gamepad",
          "bind": "right_stick_left"
        },
        "controlify:radial_axis_right": {
          "type": "gamepad",
          "bind": "right_stick_right"
        },
        "controlify:vmouse_move_up": {
          "type": "gamepad",
          "bind": "left_stick_up"
        },
        "controlify:vmouse_move_down": {
          "type": "gamepad",
          "bind": "left_stick_down"
        },
        "controlify:vmouse_move_left": {
          "type": "gamepad",
          "bind": "left_stick_left"
        },
        "controlify:vmouse_move_right": {
          "type": "gamepad",
          "bind": "left_stick_right"
        },
        "controlify:vmouse_lclick": {
          "type": "gamepad",
          "bind": "a_button"
        },
        "controlify:vmouse_rclick": {
          "type": "gamepad",
          "bind": "x_button"
        },
        "controlify:vmouse_shift_click": {
          "type": "gamepad",
          "bind": "y_button"
        },
        "controlify:vmouse_snap_up": {
          "type": "gamepad",
          "bind": "dpad_up"
        },
        "controlify:vmouse_snap_down": {
          "type": "gamepad",
          "bind": "dpad_down"
        },
        "controlify:vmouse_snap_left": {
          "type": "gamepad",
          "bind": "dpad_left"
        },
        "controlify:vmouse_snap_right": {
          "type": "gamepad",
          "bind": "dpad_right"
        },
        "controlify:vmouse_scroll_up": {
          "type": "gamepad",
          "bind": "right_stick_up"
        },
        "controlify:vmouse_scroll_down": {
          "type": "gamepad",
          "bind": "right_stick_down"
        },
        "controlify:vmouse_shift": {
          "type": "gamepad",
          "bind": "left_stick_press"
        },
        "controlify:vmouse_toggle": {
          "type": "gamepad",
          "bind": "back"
        },
        "controlify:gui_navi_up": {
          "type": "gamepad",
          "bind": "left_stick_up"
        },
        "controlify:gui_navi_down": {
          "type": "gamepad",
          "bind": "left_stick_down"
        },
        "controlify:gui_navi_left": {
          "type": "gamepad",
          "bind": "left_stick_left"
        },
        "controlify:gui_navi_right": {
          "type": "gamepad",
          "bind": "left_stick_right"
        },
        "controlify:cycle_opt_forward": {
          "type": "gamepad",
          "bind": "right_stick_right"
        },
        "controlify:cycle_opt_backward": {
          "type": "gamepad",
          "bind": "right_stick_left"
        },
        "fabric-key-binding-api-v1:keybind_to_open_guild_bank": {
          "type": "empty"
        },
        "fabric-key-binding-api-v1:fpsreducer.key.opengui": {
          "type": "empty"
        },
        "fabric-key-binding-api-v1:fpsreducer.key.forceidle": {
          "type": "empty"
        },
        "fabric-key-binding-api-v1:key.inventoryhud.toggle": {
          "type": "empty"
        },
        "fabric-key-binding-api-v1:key.inventoryhud.openconfig": {
          "type": "empty"
        },
        "fabric-key-binding-api-v1:key.inventoryhud.togglepot": {
          "type": "empty"
        },
        "fabric-key-binding-api-v1:key.inventoryhud.togglearm": {
          "type": "empty"
        },
        "fabric-key-binding-api-v1:key.inventoryhud.toggleall": {
          "type": "empty"
        },
        "fabric-key-binding-api-v1:key.modmenu.open_menu": {
          "type": "empty"
        },
        "fabric-key-binding-api-v1:physicsmod.keybinding.guiphysics": {
          "type": "empty"
        },
        "fabric-key-binding-api-v1:physicsmod.keybinding.physicsmenu": {
          "type": "empty"
        },
        "fabric-key-binding-api-v1:physicsmod.keybinding.togglephysics": {
          "type": "empty"
        },
        "fabric-key-binding-api-v1:physicsmod.keybinding.debug": {
          "type": "empty"
        },
        "fabric-key-binding-api-v1:key.xtracr_realcamera_toggleperspective": {
          "type": "empty"
        },
        "fabric-key-binding-api-v1:key.xtracr_realcamera_toggleadjustmode": {
          "type": "empty"
        },
        "fabric-key-binding-api-v1:key.xtracr_realcamera_togglecameramode": {
          "type": "empty"
        },
        "fabric-key-binding-api-v1:key.xtracr_realcamera_adjustup": {
          "type": "empty"
        },
        "fabric-key-binding-api-v1:key.xtracr_realcamera_adjustdown": {
          "type": "empty"
        },
        "fabric-key-binding-api-v1:key.xtracr_realcamera_adjustback": {
          "type": "empty"
        },
        "fabric-key-binding-api-v1:key.xtracr_realcamera_adjustfront": {
          "type": "empty"
        },
        "fabric-key-binding-api-v1:key.xtracr_realcamera_adjustleft": {
          "type": "empty"
        },
        "fabric-key-binding-api-v1:key.xtracr_realcamera_adjustright": {
          "type": "empty"
        },
        "fabric-key-binding-api-v1:key.replaymod.playeroverview": {
          "type": "empty"
        },
        "fabric-key-binding-api-v1:key.replaymod.lighting": {
          "type": "empty"
        },
        "fabric-key-binding-api-v1:key.replaymod.quickmode": {
          "type": "empty"
        },
        "fabric-key-binding-api-v1:key.replaymod.settings": {
          "type": "empty"
        },
        "fabric-key-binding-api-v1:key.replaymod.marker": {
          "type": "empty"
        },
        "fabric-key-binding-api-v1:key.replaymod.thumbnail": {
          "type": "empty"
        },
        "fabric-key-binding-api-v1:key.replaymod.playpause": {
          "type": "empty"
        },
        "fabric-key-binding-api-v1:key.replaymod.rollclockwise": {
          "type": "empty"
        },
        "fabric-key-binding-api-v1:key.replaymod.rollcounterclockwise": {
          "type": "empty"
        },
        "fabric-key-binding-api-v1:key.replaymod.resettilt": {
          "type": "empty"
        },
        "fabric-key-binding-api-v1:key.replaymod.pathpreview": {
          "type": "empty"
        },
        "fabric-key-binding-api-v1:key.replaymod.keyframerepository": {
          "type": "empty"
        },
        "fabric-key-binding-api-v1:key.replaymod.clearkeyframes": {
          "type": "empty"
        },
        "fabric-key-binding-api-v1:key.replaymod.synctimeline": {
          "type": "empty"
        },
        "fabric-key-binding-api-v1:key.replaymod.positionkeyframe": {
          "type": "empty"
        },
        "fabric-key-binding-api-v1:key.replaymod.positiononlykeyframe": {
          "type": "empty"
        },
        "fabric-key-binding-api-v1:key.replaymod.timekeyframe": {
          "type": "empty"
        },
        "fabric-key-binding-api-v1:key.replaymod.bothkeyframes": {
          "type": "empty"
        },
        "fabric-key-binding-api-v1:key.showmeyourskin.open_settings": {
          "type": "empty"
        },
        "fabric-key-binding-api-v1:key.showmeyourskin.global_toggle": {
          "type": "empty"
        },
        "fabric-key-binding-api-v1:key.weaponmaster.opengui": {
          "type": "empty"
        },
        "fabric-key-binding-api-v1:iris.keybind.reload": {
          "type": "empty"
        },
        "fabric-key-binding-api-v1:iris.keybind.toggleshaders": {
          "type": "empty"
        },
        "fabric-key-binding-api-v1:iris.keybind.shaderpackselection": {
          "type": "empty"
        }
      }
    }
  },
  "compound_joysticks": [],
  "global": {
    "virtual_mouse_screens": [
      "net.minecraft.class_465"
    ],
    "keyboardMovement": false,
    "keyboard_movement_whitelist": [],
    "out_of_focus_input": false,
    "load_vibration_natives": true,
    "custom_vibration_natives_path": "",
    "vibration_onboarded": true,
    "reach_around": "OFF",
    "allow_server_rumble": true,
    "ui_sounds": false,
    "notify_low_battery": true,
    "quiet_mode": false,
    "ingame_button_guide_scale": 1.0,
    "seen_servers": []
  }
}