{
  "general": {
    "enabled": false,
    "classic": false,
    "dynamicCrosshair": false,
    "renderModel": true,
    "adjustStep": 0.25,
    "scale": 1.0
  },
  "binding": {
    "vanillaModelPart": "head",
    "adjustOffset": true,
    "offsetModel": false,
    "cameraX": 3.25,
    "cameraY": 2.0,
    "cameraZ": 0.0,
    "bindPitching": true,
    "bindYawing": true,
    "bindRolling": true,
    "pitch": 0.0,
    "yaw": 0.0,
    "roll": 0.0
  },
  "classic": {
    "adjustMode": "CAMERA",
    "cameraX": -60.0,
    "cameraY": 2.0,
    "cameraZ": -16.0,
    "centerX": 0.0,
    "centerY": -3.4,
    "centerZ": 0.0,
    "pitch": 0.0,
    "yaw": 18.0,
    "roll": 0.0
  },
  "compats": {
    "useModModel": false,
    "modelModID": "minecraft",
    "modModelPart": "head",
    "pehkui": true,
    "physicsMod": true
  },
  "disable": {
    "onlyInBinding": true,
    "renderModelPart": false,
    "disabledModelParts": [
      "head",
      "hat",
      "slot_head"
    ],
    "customConditions": [
      {
        "left": "using",
        "middle": [
          "minecraft:spyglass"
        ],
        "right": [
          "disable_rendering"
        ]
      },
      {
        "left": "holding",
        "middle": [
          "Example--minecraft:filled_map"
        ],
        "right": [
          "allow_rendering_hand",
          "leftArm",
          "rightArm",
          "leftSleeve",
          "rightSleeve",
          "heldItem"
        ]
      }
    ],
    "fallFlying": true,
    "swimming": false,
    "crawling": false,
    "sneaking": false,
    "sleeping": false,
    "screenOpened": false
  }
}